Year,Region,country or area,Location code,Parent code
1950,OCEANIA,Australia/New Zealand,927,909
1951,OCEANIA,Australia/New Zealand,927,909
1952,OCEANIA,Australia/New Zealand,927,909
1953,OCEANIA,Australia/New Zealand,927,909
1954,OCEANIA,Australia/New Zealand,927,909
1955,OCEANIA,Australia/New Zealand,927,909
1956,OCEANIA,Australia/New Zealand,927,909
1957,OCEANIA,Australia/New Zealand,927,909
1958,OCEANIA,Australia/New Zealand,927,909
1959,OCEANIA,Australia/New Zealand,927,909
1960,OCEANIA,Australia/New Zealand,927,909
1961,OCEANIA,Australia/New Zealand,927,909
1962,OCEANIA,Australia/New Zealand,927,909
1963,OCEANIA,Australia/New Zealand,927,909
1964,OCEANIA,Australia/New Zealand,927,909
1965,OCEANIA,Australia/New Zealand,927,909
1966,OCEANIA,Australia/New Zealand,927,909
1967,OCEANIA,Australia/New Zealand,927,909
1968,OCEANIA,Australia/New Zealand,927,909
1969,OCEANIA,Australia/New Zealand,927,909
1970,OCEANIA,Australia/New Zealand,927,909
1971,OCEANIA,Australia/New Zealand,927,909
1972,OCEANIA,Australia/New Zealand,927,909
1973,OCEANIA,Australia/New Zealand,927,909
1974,OCEANIA,Australia/New Zealand,927,909
1975,OCEANIA,Australia/New Zealand,927,909
1976,OCEANIA,Australia/New Zealand,927,909
1977,OCEANIA,Australia/New Zealand,927,909
1978,OCEANIA,Australia/New Zealand,927,909
1979,OCEANIA,Australia/New Zealand,927,909
1980,OCEANIA,Australia/New Zealand,927,909
1981,OCEANIA,Australia/New Zealand,927,909
1982,OCEANIA,Australia/New Zealand,927,909
1983,OCEANIA,Australia/New Zealand,927,909
1984,OCEANIA,Australia/New Zealand,927,909
1985,OCEANIA,Australia/New Zealand,927,909
1986,OCEANIA,Australia/New Zealand,927,909
1987,OCEANIA,Australia/New Zealand,927,909
1988,OCEANIA,Australia/New Zealand,927,909
1989,OCEANIA,Australia/New Zealand,927,909
1990,OCEANIA,Australia/New Zealand,927,909
1991,OCEANIA,Australia/New Zealand,927,909
1992,OCEANIA,Australia/New Zealand,927,909
1993,OCEANIA,Australia/New Zealand,927,909
1994,OCEANIA,Australia/New Zealand,927,909
1995,OCEANIA,Australia/New Zealand,927,909
1996,OCEANIA,Australia/New Zealand,927,909
1997,OCEANIA,Australia/New Zealand,927,909
1998,OCEANIA,Australia/New Zealand,927,909
1999,OCEANIA,Australia/New Zealand,927,909
2000,OCEANIA,Australia/New Zealand,927,909
2001,OCEANIA,Australia/New Zealand,927,909
2002,OCEANIA,Australia/New Zealand,927,909
2003,OCEANIA,Australia/New Zealand,927,909
2004,OCEANIA,Australia/New Zealand,927,909
2005,OCEANIA,Australia/New Zealand,927,909
2006,OCEANIA,Australia/New Zealand,927,909
2007,OCEANIA,Australia/New Zealand,927,909
2008,OCEANIA,Australia/New Zealand,927,909
2009,OCEANIA,Australia/New Zealand,927,909
2010,OCEANIA,Australia/New Zealand,927,909
2011,OCEANIA,Australia/New Zealand,927,909
2012,OCEANIA,Australia/New Zealand,927,909
2013,OCEANIA,Australia/New Zealand,927,909
2014,OCEANIA,Australia/New Zealand,927,909
2015,OCEANIA,Australia/New Zealand,927,909
2016,OCEANIA,Australia/New Zealand,927,909
2017,OCEANIA,Australia/New Zealand,927,909
2018,OCEANIA,Australia/New Zealand,927,909
2019,OCEANIA,Australia/New Zealand,927,909
2020,OCEANIA,Australia/New Zealand,927,909
2021,OCEANIA,Australia/New Zealand,927,909
1950,LATIN AMERICA AND THE CARIBBEAN,Caribbean,915,904
1951,LATIN AMERICA AND THE CARIBBEAN,Caribbean,915,904
1952,LATIN AMERICA AND THE CARIBBEAN,Caribbean,915,904
1953,LATIN AMERICA AND THE CARIBBEAN,Caribbean,915,904
1954,LATIN AMERICA AND THE CARIBBEAN,Caribbean,915,904
1955,LATIN AMERICA AND THE CARIBBEAN,Caribbean,915,904
1956,LATIN AMERICA AND THE CARIBBEAN,Caribbean,915,904
1957,LATIN AMERICA AND THE CARIBBEAN,Caribbean,915,904
1958,LATIN AMERICA AND THE CARIBBEAN,Caribbean,915,904
1959,LATIN AMERICA AND THE CARIBBEAN,Caribbean,915,904
1960,LATIN AMERICA AND THE CARIBBEAN,Caribbean,915,904
1961,LATIN AMERICA AND THE CARIBBEAN,Caribbean,915,904
1962,LATIN AMERICA AND THE CARIBBEAN,Caribbean,915,904
1963,LATIN AMERICA AND THE CARIBBEAN,Caribbean,915,904
1964,LATIN AMERICA AND THE CARIBBEAN,Caribbean,915,904
1965,LATIN AMERICA AND THE CARIBBEAN,Caribbean,915,904
1966,LATIN AMERICA AND THE CARIBBEAN,Caribbean,915,904
1967,LATIN AMERICA AND THE CARIBBEAN,Caribbean,915,904
1968,LATIN AMERICA AND THE CARIBBEAN,Caribbean,915,904
1969,LATIN AMERICA AND THE CARIBBEAN,Caribbean,915,904
1970,LATIN AMERICA AND THE CARIBBEAN,Caribbean,915,904
1971,LATIN AMERICA AND THE CARIBBEAN,Caribbean,915,904
1972,LATIN AMERICA AND THE CARIBBEAN,Caribbean,915,904
1973,LATIN AMERICA AND THE CARIBBEAN,Caribbean,915,904
1974,LATIN AMERICA AND THE CARIBBEAN,Caribbean,915,904
1975,LATIN AMERICA AND THE CARIBBEAN,Caribbean,915,904
1976,LATIN AMERICA AND THE CARIBBEAN,Caribbean,915,904
1977,LATIN AMERICA AND THE CARIBBEAN,Caribbean,915,904
1978,LATIN AMERICA AND THE CARIBBEAN,Caribbean,915,904
1979,LATIN AMERICA AND THE CARIBBEAN,Caribbean,915,904
1980,LATIN AMERICA AND THE CARIBBEAN,Caribbean,915,904
1981,LATIN AMERICA AND THE CARIBBEAN,Caribbean,915,904
1982,LATIN AMERICA AND THE CARIBBEAN,Caribbean,915,904
1983,LATIN AMERICA AND THE CARIBBEAN,Caribbean,915,904
1984,LATIN AMERICA AND THE CARIBBEAN,Caribbean,915,904
1985,LATIN AMERICA AND THE CARIBBEAN,Caribbean,915,904
1986,LATIN AMERICA AND THE CARIBBEAN,Caribbean,915,904
1987,LATIN AMERICA AND THE CARIBBEAN,Caribbean,915,904
1988,LATIN AMERICA AND THE CARIBBEAN,Caribbean,915,904
1989,LATIN AMERICA AND THE CARIBBEAN,Caribbean,915,904
1990,LATIN AMERICA AND THE CARIBBEAN,Caribbean,915,904
1991,LATIN AMERICA AND THE CARIBBEAN,Caribbean,915,904
1992,LATIN AMERICA AND THE CARIBBEAN,Caribbean,915,904
1993,LATIN AMERICA AND THE CARIBBEAN,Caribbean,915,904
1994,LATIN AMERICA AND THE CARIBBEAN,Caribbean,915,904
1995,LATIN AMERICA AND THE CARIBBEAN,Caribbean,915,904
1996,LATIN AMERICA AND THE CARIBBEAN,Caribbean,915,904
1997,LATIN AMERICA AND THE CARIBBEAN,Caribbean,915,904
1998,LATIN AMERICA AND THE CARIBBEAN,Caribbean,915,904
1999,LATIN AMERICA AND THE CARIBBEAN,Caribbean,915,904
2000,LATIN AMERICA AND THE CARIBBEAN,Caribbean,915,904
2001,LATIN AMERICA AND THE CARIBBEAN,Caribbean,915,904
2002,LATIN AMERICA AND THE CARIBBEAN,Caribbean,915,904
2003,LATIN AMERICA AND THE CARIBBEAN,Caribbean,915,904
2004,LATIN AMERICA AND THE CARIBBEAN,Caribbean,915,904
2005,LATIN AMERICA AND THE CARIBBEAN,Caribbean,915,904
2006,LATIN AMERICA AND THE CARIBBEAN,Caribbean,915,904
2007,LATIN AMERICA AND THE CARIBBEAN,Caribbean,915,904
2008,LATIN AMERICA AND THE CARIBBEAN,Caribbean,915,904
2009,LATIN AMERICA AND THE CARIBBEAN,Caribbean,915,904
2010,LATIN AMERICA AND THE CARIBBEAN,Caribbean,915,904
2011,LATIN AMERICA AND THE CARIBBEAN,Caribbean,915,904
2012,LATIN AMERICA AND THE CARIBBEAN,Caribbean,915,904
2013,LATIN AMERICA AND THE CARIBBEAN,Caribbean,915,904
2014,LATIN AMERICA AND THE CARIBBEAN,Caribbean,915,904
2015,LATIN AMERICA AND THE CARIBBEAN,Caribbean,915,904
2016,LATIN AMERICA AND THE CARIBBEAN,Caribbean,915,904
2017,LATIN AMERICA AND THE CARIBBEAN,Caribbean,915,904
2018,LATIN AMERICA AND THE CARIBBEAN,Caribbean,915,904
2019,LATIN AMERICA AND THE CARIBBEAN,Caribbean,915,904
2020,LATIN AMERICA AND THE CARIBBEAN,Caribbean,915,904
2021,LATIN AMERICA AND THE CARIBBEAN,Caribbean,915,904
1950,LATIN AMERICA AND THE CARIBBEAN,Central America,916,904
1951,LATIN AMERICA AND THE CARIBBEAN,Central America,916,904
1952,LATIN AMERICA AND THE CARIBBEAN,Central America,916,904
1953,LATIN AMERICA AND THE CARIBBEAN,Central America,916,904
1954,LATIN AMERICA AND THE CARIBBEAN,Central America,916,904
1955,LATIN AMERICA AND THE CARIBBEAN,Central America,916,904
1956,LATIN AMERICA AND THE CARIBBEAN,Central America,916,904
1957,LATIN AMERICA AND THE CARIBBEAN,Central America,916,904
1958,LATIN AMERICA AND THE CARIBBEAN,Central America,916,904
1959,LATIN AMERICA AND THE CARIBBEAN,Central America,916,904
1960,LATIN AMERICA AND THE CARIBBEAN,Central America,916,904
1961,LATIN AMERICA AND THE CARIBBEAN,Central America,916,904
1962,LATIN AMERICA AND THE CARIBBEAN,Central America,916,904
1963,LATIN AMERICA AND THE CARIBBEAN,Central America,916,904
1964,LATIN AMERICA AND THE CARIBBEAN,Central America,916,904
1965,LATIN AMERICA AND THE CARIBBEAN,Central America,916,904
1966,LATIN AMERICA AND THE CARIBBEAN,Central America,916,904
1967,LATIN AMERICA AND THE CARIBBEAN,Central America,916,904
1968,LATIN AMERICA AND THE CARIBBEAN,Central America,916,904
1969,LATIN AMERICA AND THE CARIBBEAN,Central America,916,904
1970,LATIN AMERICA AND THE CARIBBEAN,Central America,916,904
1971,LATIN AMERICA AND THE CARIBBEAN,Central America,916,904
1972,LATIN AMERICA AND THE CARIBBEAN,Central America,916,904
1973,LATIN AMERICA AND THE CARIBBEAN,Central America,916,904
1974,LATIN AMERICA AND THE CARIBBEAN,Central America,916,904
1975,LATIN AMERICA AND THE CARIBBEAN,Central America,916,904
1976,LATIN AMERICA AND THE CARIBBEAN,Central America,916,904
1977,LATIN AMERICA AND THE CARIBBEAN,Central America,916,904
1978,LATIN AMERICA AND THE CARIBBEAN,Central America,916,904
1979,LATIN AMERICA AND THE CARIBBEAN,Central America,916,904
1980,LATIN AMERICA AND THE CARIBBEAN,Central America,916,904
1981,LATIN AMERICA AND THE CARIBBEAN,Central America,916,904
1982,LATIN AMERICA AND THE CARIBBEAN,Central America,916,904
1983,LATIN AMERICA AND THE CARIBBEAN,Central America,916,904
1984,LATIN AMERICA AND THE CARIBBEAN,Central America,916,904
1985,LATIN AMERICA AND THE CARIBBEAN,Central America,916,904
1986,LATIN AMERICA AND THE CARIBBEAN,Central America,916,904
1987,LATIN AMERICA AND THE CARIBBEAN,Central America,916,904
1988,LATIN AMERICA AND THE CARIBBEAN,Central America,916,904
1989,LATIN AMERICA AND THE CARIBBEAN,Central America,916,904
1990,LATIN AMERICA AND THE CARIBBEAN,Central America,916,904
1991,LATIN AMERICA AND THE CARIBBEAN,Central America,916,904
1992,LATIN AMERICA AND THE CARIBBEAN,Central America,916,904
1993,LATIN AMERICA AND THE CARIBBEAN,Central America,916,904
1994,LATIN AMERICA AND THE CARIBBEAN,Central America,916,904
1995,LATIN AMERICA AND THE CARIBBEAN,Central America,916,904
1996,LATIN AMERICA AND THE CARIBBEAN,Central America,916,904
1997,LATIN AMERICA AND THE CARIBBEAN,Central America,916,904
1998,LATIN AMERICA AND THE CARIBBEAN,Central America,916,904
1999,LATIN AMERICA AND THE CARIBBEAN,Central America,916,904
2000,LATIN AMERICA AND THE CARIBBEAN,Central America,916,904
2001,LATIN AMERICA AND THE CARIBBEAN,Central America,916,904
2002,LATIN AMERICA AND THE CARIBBEAN,Central America,916,904
2003,LATIN AMERICA AND THE CARIBBEAN,Central America,916,904
2004,LATIN AMERICA AND THE CARIBBEAN,Central America,916,904
2005,LATIN AMERICA AND THE CARIBBEAN,Central America,916,904
2006,LATIN AMERICA AND THE CARIBBEAN,Central America,916,904
2007,LATIN AMERICA AND THE CARIBBEAN,Central America,916,904
2008,LATIN AMERICA AND THE CARIBBEAN,Central America,916,904
2009,LATIN AMERICA AND THE CARIBBEAN,Central America,916,904
2010,LATIN AMERICA AND THE CARIBBEAN,Central America,916,904
2011,LATIN AMERICA AND THE CARIBBEAN,Central America,916,904
2012,LATIN AMERICA AND THE CARIBBEAN,Central America,916,904
2013,LATIN AMERICA AND THE CARIBBEAN,Central America,916,904
2014,LATIN AMERICA AND THE CARIBBEAN,Central America,916,904
2015,LATIN AMERICA AND THE CARIBBEAN,Central America,916,904
2016,LATIN AMERICA AND THE CARIBBEAN,Central America,916,904
2017,LATIN AMERICA AND THE CARIBBEAN,Central America,916,904
2018,LATIN AMERICA AND THE CARIBBEAN,Central America,916,904
2019,LATIN AMERICA AND THE CARIBBEAN,Central America,916,904
2020,LATIN AMERICA AND THE CARIBBEAN,Central America,916,904
2021,LATIN AMERICA AND THE CARIBBEAN,Central America,916,904
1950,ASIA,Central Asia,5500,935
1951,ASIA,Central Asia,5500,935
1952,ASIA,Central Asia,5500,935
1953,ASIA,Central Asia,5500,935
1954,ASIA,Central Asia,5500,935
1955,ASIA,Central Asia,5500,935
1956,ASIA,Central Asia,5500,935
1957,ASIA,Central Asia,5500,935
1958,ASIA,Central Asia,5500,935
1959,ASIA,Central Asia,5500,935
1960,ASIA,Central Asia,5500,935
1961,ASIA,Central Asia,5500,935
1962,ASIA,Central Asia,5500,935
1963,ASIA,Central Asia,5500,935
1964,ASIA,Central Asia,5500,935
1965,ASIA,Central Asia,5500,935
1966,ASIA,Central Asia,5500,935
1967,ASIA,Central Asia,5500,935
1968,ASIA,Central Asia,5500,935
1969,ASIA,Central Asia,5500,935
1970,ASIA,Central Asia,5500,935
1971,ASIA,Central Asia,5500,935
1972,ASIA,Central Asia,5500,935
1973,ASIA,Central Asia,5500,935
1974,ASIA,Central Asia,5500,935
1975,ASIA,Central Asia,5500,935
1976,ASIA,Central Asia,5500,935
1977,ASIA,Central Asia,5500,935
1978,ASIA,Central Asia,5500,935
1979,ASIA,Central Asia,5500,935
1980,ASIA,Central Asia,5500,935
1981,ASIA,Central Asia,5500,935
1982,ASIA,Central Asia,5500,935
1983,ASIA,Central Asia,5500,935
1984,ASIA,Central Asia,5500,935
1985,ASIA,Central Asia,5500,935
1986,ASIA,Central Asia,5500,935
1987,ASIA,Central Asia,5500,935
1988,ASIA,Central Asia,5500,935
1989,ASIA,Central Asia,5500,935
1990,ASIA,Central Asia,5500,935
1991,ASIA,Central Asia,5500,935
1992,ASIA,Central Asia,5500,935
1993,ASIA,Central Asia,5500,935
1994,ASIA,Central Asia,5500,935
1995,ASIA,Central Asia,5500,935
1996,ASIA,Central Asia,5500,935
1997,ASIA,Central Asia,5500,935
1998,ASIA,Central Asia,5500,935
1999,ASIA,Central Asia,5500,935
2000,ASIA,Central Asia,5500,935
2001,ASIA,Central Asia,5500,935
2002,ASIA,Central Asia,5500,935
2003,ASIA,Central Asia,5500,935
2004,ASIA,Central Asia,5500,935
2005,ASIA,Central Asia,5500,935
2006,ASIA,Central Asia,5500,935
2007,ASIA,Central Asia,5500,935
2008,ASIA,Central Asia,5500,935
2009,ASIA,Central Asia,5500,935
2010,ASIA,Central Asia,5500,935
2011,ASIA,Central Asia,5500,935
2012,ASIA,Central Asia,5500,935
2013,ASIA,Central Asia,5500,935
2014,ASIA,Central Asia,5500,935
2015,ASIA,Central Asia,5500,935
2016,ASIA,Central Asia,5500,935
2017,ASIA,Central Asia,5500,935
2018,ASIA,Central Asia,5500,935
2019,ASIA,Central Asia,5500,935
2020,ASIA,Central Asia,5500,935
2021,ASIA,Central Asia,5500,935
1950,AFRICA,Eastern Africa,910,903
1951,AFRICA,Eastern Africa,910,903
1952,AFRICA,Eastern Africa,910,903
1953,AFRICA,Eastern Africa,910,903
1954,AFRICA,Eastern Africa,910,903
1955,AFRICA,Eastern Africa,910,903
1956,AFRICA,Eastern Africa,910,903
1957,AFRICA,Eastern Africa,910,903
1958,AFRICA,Eastern Africa,910,903
1959,AFRICA,Eastern Africa,910,903
1960,AFRICA,Eastern Africa,910,903
1961,AFRICA,Eastern Africa,910,903
1962,AFRICA,Eastern Africa,910,903
1963,AFRICA,Eastern Africa,910,903
1964,AFRICA,Eastern Africa,910,903
1965,AFRICA,Eastern Africa,910,903
1966,AFRICA,Eastern Africa,910,903
1967,AFRICA,Eastern Africa,910,903
1968,AFRICA,Eastern Africa,910,903
1969,AFRICA,Eastern Africa,910,903
1970,AFRICA,Eastern Africa,910,903
1971,AFRICA,Eastern Africa,910,903
1972,AFRICA,Eastern Africa,910,903
1973,AFRICA,Eastern Africa,910,903
1974,AFRICA,Eastern Africa,910,903
1975,AFRICA,Eastern Africa,910,903
1976,AFRICA,Eastern Africa,910,903
1977,AFRICA,Eastern Africa,910,903
1978,AFRICA,Eastern Africa,910,903
1979,AFRICA,Eastern Africa,910,903
1980,AFRICA,Eastern Africa,910,903
1981,AFRICA,Eastern Africa,910,903
1982,AFRICA,Eastern Africa,910,903
1983,AFRICA,Eastern Africa,910,903
1984,AFRICA,Eastern Africa,910,903
1985,AFRICA,Eastern Africa,910,903
1986,AFRICA,Eastern Africa,910,903
1987,AFRICA,Eastern Africa,910,903
1988,AFRICA,Eastern Africa,910,903
1989,AFRICA,Eastern Africa,910,903
1990,AFRICA,Eastern Africa,910,903
1991,AFRICA,Eastern Africa,910,903
1992,AFRICA,Eastern Africa,910,903
1993,AFRICA,Eastern Africa,910,903
1994,AFRICA,Eastern Africa,910,903
1995,AFRICA,Eastern Africa,910,903
1996,AFRICA,Eastern Africa,910,903
1997,AFRICA,Eastern Africa,910,903
1998,AFRICA,Eastern Africa,910,903
1999,AFRICA,Eastern Africa,910,903
2000,AFRICA,Eastern Africa,910,903
2001,AFRICA,Eastern Africa,910,903
2002,AFRICA,Eastern Africa,910,903
2003,AFRICA,Eastern Africa,910,903
2004,AFRICA,Eastern Africa,910,903
2005,AFRICA,Eastern Africa,910,903
2006,AFRICA,Eastern Africa,910,903
2007,AFRICA,Eastern Africa,910,903
2008,AFRICA,Eastern Africa,910,903
2009,AFRICA,Eastern Africa,910,903
2010,AFRICA,Eastern Africa,910,903
2011,AFRICA,Eastern Africa,910,903
2012,AFRICA,Eastern Africa,910,903
2013,AFRICA,Eastern Africa,910,903
2014,AFRICA,Eastern Africa,910,903
2015,AFRICA,Eastern Africa,910,903
2016,AFRICA,Eastern Africa,910,903
2017,AFRICA,Eastern Africa,910,903
2018,AFRICA,Eastern Africa,910,903
2019,AFRICA,Eastern Africa,910,903
2020,AFRICA,Eastern Africa,910,903
2021,AFRICA,Eastern Africa,910,903
1950,ASIA,Eastern Asia,906,935
1951,ASIA,Eastern Asia,906,935
1952,ASIA,Eastern Asia,906,935
1953,ASIA,Eastern Asia,906,935
1954,ASIA,Eastern Asia,906,935
1955,ASIA,Eastern Asia,906,935
1956,ASIA,Eastern Asia,906,935
1957,ASIA,Eastern Asia,906,935
1958,ASIA,Eastern Asia,906,935
1959,ASIA,Eastern Asia,906,935
1960,ASIA,Eastern Asia,906,935
1961,ASIA,Eastern Asia,906,935
1962,ASIA,Eastern Asia,906,935
1963,ASIA,Eastern Asia,906,935
1964,ASIA,Eastern Asia,906,935
1965,ASIA,Eastern Asia,906,935
1966,ASIA,Eastern Asia,906,935
1967,ASIA,Eastern Asia,906,935
1968,ASIA,Eastern Asia,906,935
1969,ASIA,Eastern Asia,906,935
1970,ASIA,Eastern Asia,906,935
1971,ASIA,Eastern Asia,906,935
1972,ASIA,Eastern Asia,906,935
1973,ASIA,Eastern Asia,906,935
1974,ASIA,Eastern Asia,906,935
1975,ASIA,Eastern Asia,906,935
1976,ASIA,Eastern Asia,906,935
1977,ASIA,Eastern Asia,906,935
1978,ASIA,Eastern Asia,906,935
1979,ASIA,Eastern Asia,906,935
1980,ASIA,Eastern Asia,906,935
1981,ASIA,Eastern Asia,906,935
1982,ASIA,Eastern Asia,906,935
1983,ASIA,Eastern Asia,906,935
1984,ASIA,Eastern Asia,906,935
1985,ASIA,Eastern Asia,906,935
1986,ASIA,Eastern Asia,906,935
1987,ASIA,Eastern Asia,906,935
1988,ASIA,Eastern Asia,906,935
1989,ASIA,Eastern Asia,906,935
1990,ASIA,Eastern Asia,906,935
1991,ASIA,Eastern Asia,906,935
1992,ASIA,Eastern Asia,906,935
1993,ASIA,Eastern Asia,906,935
1994,ASIA,Eastern Asia,906,935
1995,ASIA,Eastern Asia,906,935
1996,ASIA,Eastern Asia,906,935
1997,ASIA,Eastern Asia,906,935
1998,ASIA,Eastern Asia,906,935
1999,ASIA,Eastern Asia,906,935
2000,ASIA,Eastern Asia,906,935
2001,ASIA,Eastern Asia,906,935
2002,ASIA,Eastern Asia,906,935
2003,ASIA,Eastern Asia,906,935
2004,ASIA,Eastern Asia,906,935
2005,ASIA,Eastern Asia,906,935
2006,ASIA,Eastern Asia,906,935
2007,ASIA,Eastern Asia,906,935
2008,ASIA,Eastern Asia,906,935
2009,ASIA,Eastern Asia,906,935
2010,ASIA,Eastern Asia,906,935
2011,ASIA,Eastern Asia,906,935
2012,ASIA,Eastern Asia,906,935
2013,ASIA,Eastern Asia,906,935
2014,ASIA,Eastern Asia,906,935
2015,ASIA,Eastern Asia,906,935
2016,ASIA,Eastern Asia,906,935
2017,ASIA,Eastern Asia,906,935
2018,ASIA,Eastern Asia,906,935
2019,ASIA,Eastern Asia,906,935
2020,ASIA,Eastern Asia,906,935
2021,ASIA,Eastern Asia,906,935
1950,EUROPE,Eastern Europe,923,908
1951,EUROPE,Eastern Europe,923,908
1952,EUROPE,Eastern Europe,923,908
1953,EUROPE,Eastern Europe,923,908
1954,EUROPE,Eastern Europe,923,908
1955,EUROPE,Eastern Europe,923,908
1956,EUROPE,Eastern Europe,923,908
1957,EUROPE,Eastern Europe,923,908
1958,EUROPE,Eastern Europe,923,908
1959,EUROPE,Eastern Europe,923,908
1960,EUROPE,Eastern Europe,923,908
1961,EUROPE,Eastern Europe,923,908
1962,EUROPE,Eastern Europe,923,908
1963,EUROPE,Eastern Europe,923,908
1964,EUROPE,Eastern Europe,923,908
1965,EUROPE,Eastern Europe,923,908
1966,EUROPE,Eastern Europe,923,908
1967,EUROPE,Eastern Europe,923,908
1968,EUROPE,Eastern Europe,923,908
1969,EUROPE,Eastern Europe,923,908
1970,EUROPE,Eastern Europe,923,908
1971,EUROPE,Eastern Europe,923,908
1972,EUROPE,Eastern Europe,923,908
1973,EUROPE,Eastern Europe,923,908
1974,EUROPE,Eastern Europe,923,908
1975,EUROPE,Eastern Europe,923,908
1976,EUROPE,Eastern Europe,923,908
1977,EUROPE,Eastern Europe,923,908
1978,EUROPE,Eastern Europe,923,908
1979,EUROPE,Eastern Europe,923,908
1980,EUROPE,Eastern Europe,923,908
1981,EUROPE,Eastern Europe,923,908
1982,EUROPE,Eastern Europe,923,908
1983,EUROPE,Eastern Europe,923,908
1984,EUROPE,Eastern Europe,923,908
1985,EUROPE,Eastern Europe,923,908
1986,EUROPE,Eastern Europe,923,908
1987,EUROPE,Eastern Europe,923,908
1988,EUROPE,Eastern Europe,923,908
1989,EUROPE,Eastern Europe,923,908
1990,EUROPE,Eastern Europe,923,908
1991,EUROPE,Eastern Europe,923,908
1992,EUROPE,Eastern Europe,923,908
1993,EUROPE,Eastern Europe,923,908
1994,EUROPE,Eastern Europe,923,908
1995,EUROPE,Eastern Europe,923,908
1996,EUROPE,Eastern Europe,923,908
1997,EUROPE,Eastern Europe,923,908
1998,EUROPE,Eastern Europe,923,908
1999,EUROPE,Eastern Europe,923,908
2000,EUROPE,Eastern Europe,923,908
2001,EUROPE,Eastern Europe,923,908
2002,EUROPE,Eastern Europe,923,908
2003,EUROPE,Eastern Europe,923,908
2004,EUROPE,Eastern Europe,923,908
2005,EUROPE,Eastern Europe,923,908
2006,EUROPE,Eastern Europe,923,908
2007,EUROPE,Eastern Europe,923,908
2008,EUROPE,Eastern Europe,923,908
2009,EUROPE,Eastern Europe,923,908
2010,EUROPE,Eastern Europe,923,908
2011,EUROPE,Eastern Europe,923,908
2012,EUROPE,Eastern Europe,923,908
2013,EUROPE,Eastern Europe,923,908
2014,EUROPE,Eastern Europe,923,908
2015,EUROPE,Eastern Europe,923,908
2016,EUROPE,Eastern Europe,923,908
2017,EUROPE,Eastern Europe,923,908
2018,EUROPE,Eastern Europe,923,908
2019,EUROPE,Eastern Europe,923,908
2020,EUROPE,Eastern Europe,923,908
2021,EUROPE,Eastern Europe,923,908
1950,OCEANIA,Melanesia,928,909
1951,OCEANIA,Melanesia,928,909
1952,OCEANIA,Melanesia,928,909
1953,OCEANIA,Melanesia,928,909
1954,OCEANIA,Melanesia,928,909
1955,OCEANIA,Melanesia,928,909
1956,OCEANIA,Melanesia,928,909
1957,OCEANIA,Melanesia,928,909
1958,OCEANIA,Melanesia,928,909
1959,OCEANIA,Melanesia,928,909
1960,OCEANIA,Melanesia,928,909
1961,OCEANIA,Melanesia,928,909
1962,OCEANIA,Melanesia,928,909
1963,OCEANIA,Melanesia,928,909
1964,OCEANIA,Melanesia,928,909
1965,OCEANIA,Melanesia,928,909
1966,OCEANIA,Melanesia,928,909
1967,OCEANIA,Melanesia,928,909
1968,OCEANIA,Melanesia,928,909
1969,OCEANIA,Melanesia,928,909
1970,OCEANIA,Melanesia,928,909
1971,OCEANIA,Melanesia,928,909
1972,OCEANIA,Melanesia,928,909
1973,OCEANIA,Melanesia,928,909
1974,OCEANIA,Melanesia,928,909
1975,OCEANIA,Melanesia,928,909
1976,OCEANIA,Melanesia,928,909
1977,OCEANIA,Melanesia,928,909
1978,OCEANIA,Melanesia,928,909
1979,OCEANIA,Melanesia,928,909
1980,OCEANIA,Melanesia,928,909
1981,OCEANIA,Melanesia,928,909
1982,OCEANIA,Melanesia,928,909
1983,OCEANIA,Melanesia,928,909
1984,OCEANIA,Melanesia,928,909
1985,OCEANIA,Melanesia,928,909
1986,OCEANIA,Melanesia,928,909
1987,OCEANIA,Melanesia,928,909
1988,OCEANIA,Melanesia,928,909
1989,OCEANIA,Melanesia,928,909
1990,OCEANIA,Melanesia,928,909
1991,OCEANIA,Melanesia,928,909
1992,OCEANIA,Melanesia,928,909
1993,OCEANIA,Melanesia,928,909
1994,OCEANIA,Melanesia,928,909
1995,OCEANIA,Melanesia,928,909
1996,OCEANIA,Melanesia,928,909
1997,OCEANIA,Melanesia,928,909
1998,OCEANIA,Melanesia,928,909
1999,OCEANIA,Melanesia,928,909
2000,OCEANIA,Melanesia,928,909
2001,OCEANIA,Melanesia,928,909
2002,OCEANIA,Melanesia,928,909
2003,OCEANIA,Melanesia,928,909
2004,OCEANIA,Melanesia,928,909
2005,OCEANIA,Melanesia,928,909
2006,OCEANIA,Melanesia,928,909
2007,OCEANIA,Melanesia,928,909
2008,OCEANIA,Melanesia,928,909
2009,OCEANIA,Melanesia,928,909
2010,OCEANIA,Melanesia,928,909
2011,OCEANIA,Melanesia,928,909
2012,OCEANIA,Melanesia,928,909
2013,OCEANIA,Melanesia,928,909
2014,OCEANIA,Melanesia,928,909
2015,OCEANIA,Melanesia,928,909
2016,OCEANIA,Melanesia,928,909
2017,OCEANIA,Melanesia,928,909
2018,OCEANIA,Melanesia,928,909
2019,OCEANIA,Melanesia,928,909
2020,OCEANIA,Melanesia,928,909
2021,OCEANIA,Melanesia,928,909
1950,OCEANIA,Micronesia,954,909
1951,OCEANIA,Micronesia,954,909
1952,OCEANIA,Micronesia,954,909
1953,OCEANIA,Micronesia,954,909
1954,OCEANIA,Micronesia,954,909
1955,OCEANIA,Micronesia,954,909
1956,OCEANIA,Micronesia,954,909
1957,OCEANIA,Micronesia,954,909
1958,OCEANIA,Micronesia,954,909
1959,OCEANIA,Micronesia,954,909
1960,OCEANIA,Micronesia,954,909
1961,OCEANIA,Micronesia,954,909
1962,OCEANIA,Micronesia,954,909
1963,OCEANIA,Micronesia,954,909
1964,OCEANIA,Micronesia,954,909
1965,OCEANIA,Micronesia,954,909
1966,OCEANIA,Micronesia,954,909
1967,OCEANIA,Micronesia,954,909
1968,OCEANIA,Micronesia,954,909
1969,OCEANIA,Micronesia,954,909
1970,OCEANIA,Micronesia,954,909
1971,OCEANIA,Micronesia,954,909
1972,OCEANIA,Micronesia,954,909
1973,OCEANIA,Micronesia,954,909
1974,OCEANIA,Micronesia,954,909
1975,OCEANIA,Micronesia,954,909
1976,OCEANIA,Micronesia,954,909
1977,OCEANIA,Micronesia,954,909
1978,OCEANIA,Micronesia,954,909
1979,OCEANIA,Micronesia,954,909
1980,OCEANIA,Micronesia,954,909
1981,OCEANIA,Micronesia,954,909
1982,OCEANIA,Micronesia,954,909
1983,OCEANIA,Micronesia,954,909
1984,OCEANIA,Micronesia,954,909
1985,OCEANIA,Micronesia,954,909
1986,OCEANIA,Micronesia,954,909
1987,OCEANIA,Micronesia,954,909
1988,OCEANIA,Micronesia,954,909
1989,OCEANIA,Micronesia,954,909
1990,OCEANIA,Micronesia,954,909
1991,OCEANIA,Micronesia,954,909
1992,OCEANIA,Micronesia,954,909
1993,OCEANIA,Micronesia,954,909
1994,OCEANIA,Micronesia,954,909
1995,OCEANIA,Micronesia,954,909
1996,OCEANIA,Micronesia,954,909
1997,OCEANIA,Micronesia,954,909
1998,OCEANIA,Micronesia,954,909
1999,OCEANIA,Micronesia,954,909
2000,OCEANIA,Micronesia,954,909
2001,OCEANIA,Micronesia,954,909
2002,OCEANIA,Micronesia,954,909
2003,OCEANIA,Micronesia,954,909
2004,OCEANIA,Micronesia,954,909
2005,OCEANIA,Micronesia,954,909
2006,OCEANIA,Micronesia,954,909
2007,OCEANIA,Micronesia,954,909
2008,OCEANIA,Micronesia,954,909
2009,OCEANIA,Micronesia,954,909
2010,OCEANIA,Micronesia,954,909
2011,OCEANIA,Micronesia,954,909
2012,OCEANIA,Micronesia,954,909
2013,OCEANIA,Micronesia,954,909
2014,OCEANIA,Micronesia,954,909
2015,OCEANIA,Micronesia,954,909
2016,OCEANIA,Micronesia,954,909
2017,OCEANIA,Micronesia,954,909
2018,OCEANIA,Micronesia,954,909
2019,OCEANIA,Micronesia,954,909
2020,OCEANIA,Micronesia,954,909
2021,OCEANIA,Micronesia,954,909
1950,AFRICA,Middle Africa,911,903
1951,AFRICA,Middle Africa,911,903
1952,AFRICA,Middle Africa,911,903
1953,AFRICA,Middle Africa,911,903
1954,AFRICA,Middle Africa,911,903
1955,AFRICA,Middle Africa,911,903
1956,AFRICA,Middle Africa,911,903
1957,AFRICA,Middle Africa,911,903
1958,AFRICA,Middle Africa,911,903
1959,AFRICA,Middle Africa,911,903
1960,AFRICA,Middle Africa,911,903
1961,AFRICA,Middle Africa,911,903
1962,AFRICA,Middle Africa,911,903
1963,AFRICA,Middle Africa,911,903
1964,AFRICA,Middle Africa,911,903
1965,AFRICA,Middle Africa,911,903
1966,AFRICA,Middle Africa,911,903
1967,AFRICA,Middle Africa,911,903
1968,AFRICA,Middle Africa,911,903
1969,AFRICA,Middle Africa,911,903
1970,AFRICA,Middle Africa,911,903
1971,AFRICA,Middle Africa,911,903
1972,AFRICA,Middle Africa,911,903
1973,AFRICA,Middle Africa,911,903
1974,AFRICA,Middle Africa,911,903
1975,AFRICA,Middle Africa,911,903
1976,AFRICA,Middle Africa,911,903
1977,AFRICA,Middle Africa,911,903
1978,AFRICA,Middle Africa,911,903
1979,AFRICA,Middle Africa,911,903
1980,AFRICA,Middle Africa,911,903
1981,AFRICA,Middle Africa,911,903
1982,AFRICA,Middle Africa,911,903
1983,AFRICA,Middle Africa,911,903
1984,AFRICA,Middle Africa,911,903
1985,AFRICA,Middle Africa,911,903
1986,AFRICA,Middle Africa,911,903
1987,AFRICA,Middle Africa,911,903
1988,AFRICA,Middle Africa,911,903
1989,AFRICA,Middle Africa,911,903
1990,AFRICA,Middle Africa,911,903
1991,AFRICA,Middle Africa,911,903
1992,AFRICA,Middle Africa,911,903
1993,AFRICA,Middle Africa,911,903
1994,AFRICA,Middle Africa,911,903
1995,AFRICA,Middle Africa,911,903
1996,AFRICA,Middle Africa,911,903
1997,AFRICA,Middle Africa,911,903
1998,AFRICA,Middle Africa,911,903
1999,AFRICA,Middle Africa,911,903
2000,AFRICA,Middle Africa,911,903
2001,AFRICA,Middle Africa,911,903
2002,AFRICA,Middle Africa,911,903
2003,AFRICA,Middle Africa,911,903
2004,AFRICA,Middle Africa,911,903
2005,AFRICA,Middle Africa,911,903
2006,AFRICA,Middle Africa,911,903
2007,AFRICA,Middle Africa,911,903
2008,AFRICA,Middle Africa,911,903
2009,AFRICA,Middle Africa,911,903
2010,AFRICA,Middle Africa,911,903
2011,AFRICA,Middle Africa,911,903
2012,AFRICA,Middle Africa,911,903
2013,AFRICA,Middle Africa,911,903
2014,AFRICA,Middle Africa,911,903
2015,AFRICA,Middle Africa,911,903
2016,AFRICA,Middle Africa,911,903
2017,AFRICA,Middle Africa,911,903
2018,AFRICA,Middle Africa,911,903
2019,AFRICA,Middle Africa,911,903
2020,AFRICA,Middle Africa,911,903
2021,AFRICA,Middle Africa,911,903
1950,AFRICA,Northern Africa,912,903
1951,AFRICA,Northern Africa,912,903
1952,AFRICA,Northern Africa,912,903
1953,AFRICA,Northern Africa,912,903
1954,AFRICA,Northern Africa,912,903
1955,AFRICA,Northern Africa,912,903
1956,AFRICA,Northern Africa,912,903
1957,AFRICA,Northern Africa,912,903
1958,AFRICA,Northern Africa,912,903
1959,AFRICA,Northern Africa,912,903
1960,AFRICA,Northern Africa,912,903
1961,AFRICA,Northern Africa,912,903
1962,AFRICA,Northern Africa,912,903
1963,AFRICA,Northern Africa,912,903
1964,AFRICA,Northern Africa,912,903
1965,AFRICA,Northern Africa,912,903
1966,AFRICA,Northern Africa,912,903
1967,AFRICA,Northern Africa,912,903
1968,AFRICA,Northern Africa,912,903
1969,AFRICA,Northern Africa,912,903
1970,AFRICA,Northern Africa,912,903
1971,AFRICA,Northern Africa,912,903
1972,AFRICA,Northern Africa,912,903
1973,AFRICA,Northern Africa,912,903
1974,AFRICA,Northern Africa,912,903
1975,AFRICA,Northern Africa,912,903
1976,AFRICA,Northern Africa,912,903
1977,AFRICA,Northern Africa,912,903
1978,AFRICA,Northern Africa,912,903
1979,AFRICA,Northern Africa,912,903
1980,AFRICA,Northern Africa,912,903
1981,AFRICA,Northern Africa,912,903
1982,AFRICA,Northern Africa,912,903
1983,AFRICA,Northern Africa,912,903
1984,AFRICA,Northern Africa,912,903
1985,AFRICA,Northern Africa,912,903
1986,AFRICA,Northern Africa,912,903
1987,AFRICA,Northern Africa,912,903
1988,AFRICA,Northern Africa,912,903
1989,AFRICA,Northern Africa,912,903
1990,AFRICA,Northern Africa,912,903
1991,AFRICA,Northern Africa,912,903
1992,AFRICA,Northern Africa,912,903
1993,AFRICA,Northern Africa,912,903
1994,AFRICA,Northern Africa,912,903
1995,AFRICA,Northern Africa,912,903
1996,AFRICA,Northern Africa,912,903
1997,AFRICA,Northern Africa,912,903
1998,AFRICA,Northern Africa,912,903
1999,AFRICA,Northern Africa,912,903
2000,AFRICA,Northern Africa,912,903
2001,AFRICA,Northern Africa,912,903
2002,AFRICA,Northern Africa,912,903
2003,AFRICA,Northern Africa,912,903
2004,AFRICA,Northern Africa,912,903
2005,AFRICA,Northern Africa,912,903
2006,AFRICA,Northern Africa,912,903
2007,AFRICA,Northern Africa,912,903
2008,AFRICA,Northern Africa,912,903
2009,AFRICA,Northern Africa,912,903
2010,AFRICA,Northern Africa,912,903
2011,AFRICA,Northern Africa,912,903
2012,AFRICA,Northern Africa,912,903
2013,AFRICA,Northern Africa,912,903
2014,AFRICA,Northern Africa,912,903
2015,AFRICA,Northern Africa,912,903
2016,AFRICA,Northern Africa,912,903
2017,AFRICA,Northern Africa,912,903
2018,AFRICA,Northern Africa,912,903
2019,AFRICA,Northern Africa,912,903
2020,AFRICA,Northern Africa,912,903
2021,AFRICA,Northern Africa,912,903
1950,EUROPE,Northern Europe,924,908
1951,EUROPE,Northern Europe,924,908
1952,EUROPE,Northern Europe,924,908
1953,EUROPE,Northern Europe,924,908
1954,EUROPE,Northern Europe,924,908
1955,EUROPE,Northern Europe,924,908
1956,EUROPE,Northern Europe,924,908
1957,EUROPE,Northern Europe,924,908
1958,EUROPE,Northern Europe,924,908
1959,EUROPE,Northern Europe,924,908
1960,EUROPE,Northern Europe,924,908
1961,EUROPE,Northern Europe,924,908
1962,EUROPE,Northern Europe,924,908
1963,EUROPE,Northern Europe,924,908
1964,EUROPE,Northern Europe,924,908
1965,EUROPE,Northern Europe,924,908
1966,EUROPE,Northern Europe,924,908
1967,EUROPE,Northern Europe,924,908
1968,EUROPE,Northern Europe,924,908
1969,EUROPE,Northern Europe,924,908
1970,EUROPE,Northern Europe,924,908
1971,EUROPE,Northern Europe,924,908
1972,EUROPE,Northern Europe,924,908
1973,EUROPE,Northern Europe,924,908
1974,EUROPE,Northern Europe,924,908
1975,EUROPE,Northern Europe,924,908
1976,EUROPE,Northern Europe,924,908
1977,EUROPE,Northern Europe,924,908
1978,EUROPE,Northern Europe,924,908
1979,EUROPE,Northern Europe,924,908
1980,EUROPE,Northern Europe,924,908
1981,EUROPE,Northern Europe,924,908
1982,EUROPE,Northern Europe,924,908
1983,EUROPE,Northern Europe,924,908
1984,EUROPE,Northern Europe,924,908
1985,EUROPE,Northern Europe,924,908
1986,EUROPE,Northern Europe,924,908
1987,EUROPE,Northern Europe,924,908
1988,EUROPE,Northern Europe,924,908
1989,EUROPE,Northern Europe,924,908
1990,EUROPE,Northern Europe,924,908
1991,EUROPE,Northern Europe,924,908
1992,EUROPE,Northern Europe,924,908
1993,EUROPE,Northern Europe,924,908
1994,EUROPE,Northern Europe,924,908
1995,EUROPE,Northern Europe,924,908
1996,EUROPE,Northern Europe,924,908
1997,EUROPE,Northern Europe,924,908
1998,EUROPE,Northern Europe,924,908
1999,EUROPE,Northern Europe,924,908
2000,EUROPE,Northern Europe,924,908
2001,EUROPE,Northern Europe,924,908
2002,EUROPE,Northern Europe,924,908
2003,EUROPE,Northern Europe,924,908
2004,EUROPE,Northern Europe,924,908
2005,EUROPE,Northern Europe,924,908
2006,EUROPE,Northern Europe,924,908
2007,EUROPE,Northern Europe,924,908
2008,EUROPE,Northern Europe,924,908
2009,EUROPE,Northern Europe,924,908
2010,EUROPE,Northern Europe,924,908
2011,EUROPE,Northern Europe,924,908
2012,EUROPE,Northern Europe,924,908
2013,EUROPE,Northern Europe,924,908
2014,EUROPE,Northern Europe,924,908
2015,EUROPE,Northern Europe,924,908
2016,EUROPE,Northern Europe,924,908
2017,EUROPE,Northern Europe,924,908
2018,EUROPE,Northern Europe,924,908
2019,EUROPE,Northern Europe,924,908
2020,EUROPE,Northern Europe,924,908
2021,EUROPE,Northern Europe,924,908
1950,OCEANIA,Polynesia,957,909
1951,OCEANIA,Polynesia,957,909
1952,OCEANIA,Polynesia,957,909
1953,OCEANIA,Polynesia,957,909
1954,OCEANIA,Polynesia,957,909
1955,OCEANIA,Polynesia,957,909
1956,OCEANIA,Polynesia,957,909
1957,OCEANIA,Polynesia,957,909
1958,OCEANIA,Polynesia,957,909
1959,OCEANIA,Polynesia,957,909
1960,OCEANIA,Polynesia,957,909
1961,OCEANIA,Polynesia,957,909
1962,OCEANIA,Polynesia,957,909
1963,OCEANIA,Polynesia,957,909
1964,OCEANIA,Polynesia,957,909
1965,OCEANIA,Polynesia,957,909
1966,OCEANIA,Polynesia,957,909
1967,OCEANIA,Polynesia,957,909
1968,OCEANIA,Polynesia,957,909
1969,OCEANIA,Polynesia,957,909
1970,OCEANIA,Polynesia,957,909
1971,OCEANIA,Polynesia,957,909
1972,OCEANIA,Polynesia,957,909
1973,OCEANIA,Polynesia,957,909
1974,OCEANIA,Polynesia,957,909
1975,OCEANIA,Polynesia,957,909
1976,OCEANIA,Polynesia,957,909
1977,OCEANIA,Polynesia,957,909
1978,OCEANIA,Polynesia,957,909
1979,OCEANIA,Polynesia,957,909
1980,OCEANIA,Polynesia,957,909
1981,OCEANIA,Polynesia,957,909
1982,OCEANIA,Polynesia,957,909
1983,OCEANIA,Polynesia,957,909
1984,OCEANIA,Polynesia,957,909
1985,OCEANIA,Polynesia,957,909
1986,OCEANIA,Polynesia,957,909
1987,OCEANIA,Polynesia,957,909
1988,OCEANIA,Polynesia,957,909
1989,OCEANIA,Polynesia,957,909
1990,OCEANIA,Polynesia,957,909
1991,OCEANIA,Polynesia,957,909
1992,OCEANIA,Polynesia,957,909
1993,OCEANIA,Polynesia,957,909
1994,OCEANIA,Polynesia,957,909
1995,OCEANIA,Polynesia,957,909
1996,OCEANIA,Polynesia,957,909
1997,OCEANIA,Polynesia,957,909
1998,OCEANIA,Polynesia,957,909
1999,OCEANIA,Polynesia,957,909
2000,OCEANIA,Polynesia,957,909
2001,OCEANIA,Polynesia,957,909
2002,OCEANIA,Polynesia,957,909
2003,OCEANIA,Polynesia,957,909
2004,OCEANIA,Polynesia,957,909
2005,OCEANIA,Polynesia,957,909
2006,OCEANIA,Polynesia,957,909
2007,OCEANIA,Polynesia,957,909
2008,OCEANIA,Polynesia,957,909
2009,OCEANIA,Polynesia,957,909
2010,OCEANIA,Polynesia,957,909
2011,OCEANIA,Polynesia,957,909
2012,OCEANIA,Polynesia,957,909
2013,OCEANIA,Polynesia,957,909
2014,OCEANIA,Polynesia,957,909
2015,OCEANIA,Polynesia,957,909
2016,OCEANIA,Polynesia,957,909
2017,OCEANIA,Polynesia,957,909
2018,OCEANIA,Polynesia,957,909
2019,OCEANIA,Polynesia,957,909
2020,OCEANIA,Polynesia,957,909
2021,OCEANIA,Polynesia,957,909
1950,LATIN AMERICA AND THE CARIBBEAN,South America,931,904
1951,LATIN AMERICA AND THE CARIBBEAN,South America,931,904
1952,LATIN AMERICA AND THE CARIBBEAN,South America,931,904
1953,LATIN AMERICA AND THE CARIBBEAN,South America,931,904
1954,LATIN AMERICA AND THE CARIBBEAN,South America,931,904
1955,LATIN AMERICA AND THE CARIBBEAN,South America,931,904
1956,LATIN AMERICA AND THE CARIBBEAN,South America,931,904
1957,LATIN AMERICA AND THE CARIBBEAN,South America,931,904
1958,LATIN AMERICA AND THE CARIBBEAN,South America,931,904
1959,LATIN AMERICA AND THE CARIBBEAN,South America,931,904
1960,LATIN AMERICA AND THE CARIBBEAN,South America,931,904
1961,LATIN AMERICA AND THE CARIBBEAN,South America,931,904
1962,LATIN AMERICA AND THE CARIBBEAN,South America,931,904
1963,LATIN AMERICA AND THE CARIBBEAN,South America,931,904
1964,LATIN AMERICA AND THE CARIBBEAN,South America,931,904
1965,LATIN AMERICA AND THE CARIBBEAN,South America,931,904
1966,LATIN AMERICA AND THE CARIBBEAN,South America,931,904
1967,LATIN AMERICA AND THE CARIBBEAN,South America,931,904
1968,LATIN AMERICA AND THE CARIBBEAN,South America,931,904
1969,LATIN AMERICA AND THE CARIBBEAN,South America,931,904
1970,LATIN AMERICA AND THE CARIBBEAN,South America,931,904
1971,LATIN AMERICA AND THE CARIBBEAN,South America,931,904
1972,LATIN AMERICA AND THE CARIBBEAN,South America,931,904
1973,LATIN AMERICA AND THE CARIBBEAN,South America,931,904
1974,LATIN AMERICA AND THE CARIBBEAN,South America,931,904
1975,LATIN AMERICA AND THE CARIBBEAN,South America,931,904
1976,LATIN AMERICA AND THE CARIBBEAN,South America,931,904
1977,LATIN AMERICA AND THE CARIBBEAN,South America,931,904
1978,LATIN AMERICA AND THE CARIBBEAN,South America,931,904
1979,LATIN AMERICA AND THE CARIBBEAN,South America,931,904
1980,LATIN AMERICA AND THE CARIBBEAN,South America,931,904
1981,LATIN AMERICA AND THE CARIBBEAN,South America,931,904
1982,LATIN AMERICA AND THE CARIBBEAN,South America,931,904
1983,LATIN AMERICA AND THE CARIBBEAN,South America,931,904
1984,LATIN AMERICA AND THE CARIBBEAN,South America,931,904
1985,LATIN AMERICA AND THE CARIBBEAN,South America,931,904
1986,LATIN AMERICA AND THE CARIBBEAN,South America,931,904
1987,LATIN AMERICA AND THE CARIBBEAN,South America,931,904
1988,LATIN AMERICA AND THE CARIBBEAN,South America,931,904
1989,LATIN AMERICA AND THE CARIBBEAN,South America,931,904
1990,LATIN AMERICA AND THE CARIBBEAN,South America,931,904
1991,LATIN AMERICA AND THE CARIBBEAN,South America,931,904
1992,LATIN AMERICA AND THE CARIBBEAN,South America,931,904
1993,LATIN AMERICA AND THE CARIBBEAN,South America,931,904
1994,LATIN AMERICA AND THE CARIBBEAN,South America,931,904
1995,LATIN AMERICA AND THE CARIBBEAN,South America,931,904
1996,LATIN AMERICA AND THE CARIBBEAN,South America,931,904
1997,LATIN AMERICA AND THE CARIBBEAN,South America,931,904
1998,LATIN AMERICA AND THE CARIBBEAN,South America,931,904
1999,LATIN AMERICA AND THE CARIBBEAN,South America,931,904
2000,LATIN AMERICA AND THE CARIBBEAN,South America,931,904
2001,LATIN AMERICA AND THE CARIBBEAN,South America,931,904
2002,LATIN AMERICA AND THE CARIBBEAN,South America,931,904
2003,LATIN AMERICA AND THE CARIBBEAN,South America,931,904
2004,LATIN AMERICA AND THE CARIBBEAN,South America,931,904
2005,LATIN AMERICA AND THE CARIBBEAN,South America,931,904
2006,LATIN AMERICA AND THE CARIBBEAN,South America,931,904
2007,LATIN AMERICA AND THE CARIBBEAN,South America,931,904
2008,LATIN AMERICA AND THE CARIBBEAN,South America,931,904
2009,LATIN AMERICA AND THE CARIBBEAN,South America,931,904
2010,LATIN AMERICA AND THE CARIBBEAN,South America,931,904
2011,LATIN AMERICA AND THE CARIBBEAN,South America,931,904
2012,LATIN AMERICA AND THE CARIBBEAN,South America,931,904
2013,LATIN AMERICA AND THE CARIBBEAN,South America,931,904
2014,LATIN AMERICA AND THE CARIBBEAN,South America,931,904
2015,LATIN AMERICA AND THE CARIBBEAN,South America,931,904
2016,LATIN AMERICA AND THE CARIBBEAN,South America,931,904
2017,LATIN AMERICA AND THE CARIBBEAN,South America,931,904
2018,LATIN AMERICA AND THE CARIBBEAN,South America,931,904
2019,LATIN AMERICA AND THE CARIBBEAN,South America,931,904
2020,LATIN AMERICA AND THE CARIBBEAN,South America,931,904
2021,LATIN AMERICA AND THE CARIBBEAN,South America,931,904
1950,ASIA,South-Eastern Asia,920,935
1951,ASIA,South-Eastern Asia,920,935
1952,ASIA,South-Eastern Asia,920,935
1953,ASIA,South-Eastern Asia,920,935
1954,ASIA,South-Eastern Asia,920,935
1955,ASIA,South-Eastern Asia,920,935
1956,ASIA,South-Eastern Asia,920,935
1957,ASIA,South-Eastern Asia,920,935
1958,ASIA,South-Eastern Asia,920,935
1959,ASIA,South-Eastern Asia,920,935
1960,ASIA,South-Eastern Asia,920,935
1961,ASIA,South-Eastern Asia,920,935
1962,ASIA,South-Eastern Asia,920,935
1963,ASIA,South-Eastern Asia,920,935
1964,ASIA,South-Eastern Asia,920,935
1965,ASIA,South-Eastern Asia,920,935
1966,ASIA,South-Eastern Asia,920,935
1967,ASIA,South-Eastern Asia,920,935
1968,ASIA,South-Eastern Asia,920,935
1969,ASIA,South-Eastern Asia,920,935
1970,ASIA,South-Eastern Asia,920,935
1971,ASIA,South-Eastern Asia,920,935
1972,ASIA,South-Eastern Asia,920,935
1973,ASIA,South-Eastern Asia,920,935
1974,ASIA,South-Eastern Asia,920,935
1975,ASIA,South-Eastern Asia,920,935
1976,ASIA,South-Eastern Asia,920,935
1977,ASIA,South-Eastern Asia,920,935
1978,ASIA,South-Eastern Asia,920,935
1979,ASIA,South-Eastern Asia,920,935
1980,ASIA,South-Eastern Asia,920,935
1981,ASIA,South-Eastern Asia,920,935
1982,ASIA,South-Eastern Asia,920,935
1983,ASIA,South-Eastern Asia,920,935
1984,ASIA,South-Eastern Asia,920,935
1985,ASIA,South-Eastern Asia,920,935
1986,ASIA,South-Eastern Asia,920,935
1987,ASIA,South-Eastern Asia,920,935
1988,ASIA,South-Eastern Asia,920,935
1989,ASIA,South-Eastern Asia,920,935
1990,ASIA,South-Eastern Asia,920,935
1991,ASIA,South-Eastern Asia,920,935
1992,ASIA,South-Eastern Asia,920,935
1993,ASIA,South-Eastern Asia,920,935
1994,ASIA,South-Eastern Asia,920,935
1995,ASIA,South-Eastern Asia,920,935
1996,ASIA,South-Eastern Asia,920,935
1997,ASIA,South-Eastern Asia,920,935
1998,ASIA,South-Eastern Asia,920,935
1999,ASIA,South-Eastern Asia,920,935
2000,ASIA,South-Eastern Asia,920,935
2001,ASIA,South-Eastern Asia,920,935
2002,ASIA,South-Eastern Asia,920,935
2003,ASIA,South-Eastern Asia,920,935
2004,ASIA,South-Eastern Asia,920,935
2005,ASIA,South-Eastern Asia,920,935
2006,ASIA,South-Eastern Asia,920,935
2007,ASIA,South-Eastern Asia,920,935
2008,ASIA,South-Eastern Asia,920,935
2009,ASIA,South-Eastern Asia,920,935
2010,ASIA,South-Eastern Asia,920,935
2011,ASIA,South-Eastern Asia,920,935
2012,ASIA,South-Eastern Asia,920,935
2013,ASIA,South-Eastern Asia,920,935
2014,ASIA,South-Eastern Asia,920,935
2015,ASIA,South-Eastern Asia,920,935
2016,ASIA,South-Eastern Asia,920,935
2017,ASIA,South-Eastern Asia,920,935
2018,ASIA,South-Eastern Asia,920,935
2019,ASIA,South-Eastern Asia,920,935
2020,ASIA,South-Eastern Asia,920,935
2021,ASIA,South-Eastern Asia,920,935
1950,AFRICA,Southern Africa,913,903
1951,AFRICA,Southern Africa,913,903
1952,AFRICA,Southern Africa,913,903
1953,AFRICA,Southern Africa,913,903
1954,AFRICA,Southern Africa,913,903
1955,AFRICA,Southern Africa,913,903
1956,AFRICA,Southern Africa,913,903
1957,AFRICA,Southern Africa,913,903
1958,AFRICA,Southern Africa,913,903
1959,AFRICA,Southern Africa,913,903
1960,AFRICA,Southern Africa,913,903
1961,AFRICA,Southern Africa,913,903
1962,AFRICA,Southern Africa,913,903
1963,AFRICA,Southern Africa,913,903
1964,AFRICA,Southern Africa,913,903
1965,AFRICA,Southern Africa,913,903
1966,AFRICA,Southern Africa,913,903
1967,AFRICA,Southern Africa,913,903
1968,AFRICA,Southern Africa,913,903
1969,AFRICA,Southern Africa,913,903
1970,AFRICA,Southern Africa,913,903
1971,AFRICA,Southern Africa,913,903
1972,AFRICA,Southern Africa,913,903
1973,AFRICA,Southern Africa,913,903
1974,AFRICA,Southern Africa,913,903
1975,AFRICA,Southern Africa,913,903
1976,AFRICA,Southern Africa,913,903
1977,AFRICA,Southern Africa,913,903
1978,AFRICA,Southern Africa,913,903
1979,AFRICA,Southern Africa,913,903
1980,AFRICA,Southern Africa,913,903
1981,AFRICA,Southern Africa,913,903
1982,AFRICA,Southern Africa,913,903
1983,AFRICA,Southern Africa,913,903
1984,AFRICA,Southern Africa,913,903
1985,AFRICA,Southern Africa,913,903
1986,AFRICA,Southern Africa,913,903
1987,AFRICA,Southern Africa,913,903
1988,AFRICA,Southern Africa,913,903
1989,AFRICA,Southern Africa,913,903
1990,AFRICA,Southern Africa,913,903
1991,AFRICA,Southern Africa,913,903
1992,AFRICA,Southern Africa,913,903
1993,AFRICA,Southern Africa,913,903
1994,AFRICA,Southern Africa,913,903
1995,AFRICA,Southern Africa,913,903
1996,AFRICA,Southern Africa,913,903
1997,AFRICA,Southern Africa,913,903
1998,AFRICA,Southern Africa,913,903
1999,AFRICA,Southern Africa,913,903
2000,AFRICA,Southern Africa,913,903
2001,AFRICA,Southern Africa,913,903
2002,AFRICA,Southern Africa,913,903
2003,AFRICA,Southern Africa,913,903
2004,AFRICA,Southern Africa,913,903
2005,AFRICA,Southern Africa,913,903
2006,AFRICA,Southern Africa,913,903
2007,AFRICA,Southern Africa,913,903
2008,AFRICA,Southern Africa,913,903
2009,AFRICA,Southern Africa,913,903
2010,AFRICA,Southern Africa,913,903
2011,AFRICA,Southern Africa,913,903
2012,AFRICA,Southern Africa,913,903
2013,AFRICA,Southern Africa,913,903
2014,AFRICA,Southern Africa,913,903
2015,AFRICA,Southern Africa,913,903
2016,AFRICA,Southern Africa,913,903
2017,AFRICA,Southern Africa,913,903
2018,AFRICA,Southern Africa,913,903
2019,AFRICA,Southern Africa,913,903
2020,AFRICA,Southern Africa,913,903
2021,AFRICA,Southern Africa,913,903
1950,ASIA,Southern Asia,5501,935
1951,ASIA,Southern Asia,5501,935
1952,ASIA,Southern Asia,5501,935
1953,ASIA,Southern Asia,5501,935
1954,ASIA,Southern Asia,5501,935
1955,ASIA,Southern Asia,5501,935
1956,ASIA,Southern Asia,5501,935
1957,ASIA,Southern Asia,5501,935
1958,ASIA,Southern Asia,5501,935
1959,ASIA,Southern Asia,5501,935
1960,ASIA,Southern Asia,5501,935
1961,ASIA,Southern Asia,5501,935
1962,ASIA,Southern Asia,5501,935
1963,ASIA,Southern Asia,5501,935
1964,ASIA,Southern Asia,5501,935
1965,ASIA,Southern Asia,5501,935
1966,ASIA,Southern Asia,5501,935
1967,ASIA,Southern Asia,5501,935
1968,ASIA,Southern Asia,5501,935
1969,ASIA,Southern Asia,5501,935
1970,ASIA,Southern Asia,5501,935
1971,ASIA,Southern Asia,5501,935
1972,ASIA,Southern Asia,5501,935
1973,ASIA,Southern Asia,5501,935
1974,ASIA,Southern Asia,5501,935
1975,ASIA,Southern Asia,5501,935
1976,ASIA,Southern Asia,5501,935
1977,ASIA,Southern Asia,5501,935
1978,ASIA,Southern Asia,5501,935
1979,ASIA,Southern Asia,5501,935
1980,ASIA,Southern Asia,5501,935
1981,ASIA,Southern Asia,5501,935
1982,ASIA,Southern Asia,5501,935
1983,ASIA,Southern Asia,5501,935
1984,ASIA,Southern Asia,5501,935
1985,ASIA,Southern Asia,5501,935
1986,ASIA,Southern Asia,5501,935
1987,ASIA,Southern Asia,5501,935
1988,ASIA,Southern Asia,5501,935
1989,ASIA,Southern Asia,5501,935
1990,ASIA,Southern Asia,5501,935
1991,ASIA,Southern Asia,5501,935
1992,ASIA,Southern Asia,5501,935
1993,ASIA,Southern Asia,5501,935
1994,ASIA,Southern Asia,5501,935
1995,ASIA,Southern Asia,5501,935
1996,ASIA,Southern Asia,5501,935
1997,ASIA,Southern Asia,5501,935
1998,ASIA,Southern Asia,5501,935
1999,ASIA,Southern Asia,5501,935
2000,ASIA,Southern Asia,5501,935
2001,ASIA,Southern Asia,5501,935
2002,ASIA,Southern Asia,5501,935
2003,ASIA,Southern Asia,5501,935
2004,ASIA,Southern Asia,5501,935
2005,ASIA,Southern Asia,5501,935
2006,ASIA,Southern Asia,5501,935
2007,ASIA,Southern Asia,5501,935
2008,ASIA,Southern Asia,5501,935
2009,ASIA,Southern Asia,5501,935
2010,ASIA,Southern Asia,5501,935
2011,ASIA,Southern Asia,5501,935
2012,ASIA,Southern Asia,5501,935
2013,ASIA,Southern Asia,5501,935
2014,ASIA,Southern Asia,5501,935
2015,ASIA,Southern Asia,5501,935
2016,ASIA,Southern Asia,5501,935
2017,ASIA,Southern Asia,5501,935
2018,ASIA,Southern Asia,5501,935
2019,ASIA,Southern Asia,5501,935
2020,ASIA,Southern Asia,5501,935
2021,ASIA,Southern Asia,5501,935
1950,EUROPE,Southern Europe,925,908
1951,EUROPE,Southern Europe,925,908
1952,EUROPE,Southern Europe,925,908
1953,EUROPE,Southern Europe,925,908
1954,EUROPE,Southern Europe,925,908
1955,EUROPE,Southern Europe,925,908
1956,EUROPE,Southern Europe,925,908
1957,EUROPE,Southern Europe,925,908
1958,EUROPE,Southern Europe,925,908
1959,EUROPE,Southern Europe,925,908
1960,EUROPE,Southern Europe,925,908
1961,EUROPE,Southern Europe,925,908
1962,EUROPE,Southern Europe,925,908
1963,EUROPE,Southern Europe,925,908
1964,EUROPE,Southern Europe,925,908
1965,EUROPE,Southern Europe,925,908
1966,EUROPE,Southern Europe,925,908
1967,EUROPE,Southern Europe,925,908
1968,EUROPE,Southern Europe,925,908
1969,EUROPE,Southern Europe,925,908
1970,EUROPE,Southern Europe,925,908
1971,EUROPE,Southern Europe,925,908
1972,EUROPE,Southern Europe,925,908
1973,EUROPE,Southern Europe,925,908
1974,EUROPE,Southern Europe,925,908
1975,EUROPE,Southern Europe,925,908
1976,EUROPE,Southern Europe,925,908
1977,EUROPE,Southern Europe,925,908
1978,EUROPE,Southern Europe,925,908
1979,EUROPE,Southern Europe,925,908
1980,EUROPE,Southern Europe,925,908
1981,EUROPE,Southern Europe,925,908
1982,EUROPE,Southern Europe,925,908
1983,EUROPE,Southern Europe,925,908
1984,EUROPE,Southern Europe,925,908
1985,EUROPE,Southern Europe,925,908
1986,EUROPE,Southern Europe,925,908
1987,EUROPE,Southern Europe,925,908
1988,EUROPE,Southern Europe,925,908
1989,EUROPE,Southern Europe,925,908
1990,EUROPE,Southern Europe,925,908
1991,EUROPE,Southern Europe,925,908
1992,EUROPE,Southern Europe,925,908
1993,EUROPE,Southern Europe,925,908
1994,EUROPE,Southern Europe,925,908
1995,EUROPE,Southern Europe,925,908
1996,EUROPE,Southern Europe,925,908
1997,EUROPE,Southern Europe,925,908
1998,EUROPE,Southern Europe,925,908
1999,EUROPE,Southern Europe,925,908
2000,EUROPE,Southern Europe,925,908
2001,EUROPE,Southern Europe,925,908
2002,EUROPE,Southern Europe,925,908
2003,EUROPE,Southern Europe,925,908
2004,EUROPE,Southern Europe,925,908
2005,EUROPE,Southern Europe,925,908
2006,EUROPE,Southern Europe,925,908
2007,EUROPE,Southern Europe,925,908
2008,EUROPE,Southern Europe,925,908
2009,EUROPE,Southern Europe,925,908
2010,EUROPE,Southern Europe,925,908
2011,EUROPE,Southern Europe,925,908
2012,EUROPE,Southern Europe,925,908
2013,EUROPE,Southern Europe,925,908
2014,EUROPE,Southern Europe,925,908
2015,EUROPE,Southern Europe,925,908
2016,EUROPE,Southern Europe,925,908
2017,EUROPE,Southern Europe,925,908
2018,EUROPE,Southern Europe,925,908
2019,EUROPE,Southern Europe,925,908
2020,EUROPE,Southern Europe,925,908
2021,EUROPE,Southern Europe,925,908
1950,AFRICA,Western Africa,914,903
1951,AFRICA,Western Africa,914,903
1952,AFRICA,Western Africa,914,903
1953,AFRICA,Western Africa,914,903
1954,AFRICA,Western Africa,914,903
1955,AFRICA,Western Africa,914,903
1956,AFRICA,Western Africa,914,903
1957,AFRICA,Western Africa,914,903
1958,AFRICA,Western Africa,914,903
1959,AFRICA,Western Africa,914,903
1960,AFRICA,Western Africa,914,903
1961,AFRICA,Western Africa,914,903
1962,AFRICA,Western Africa,914,903
1963,AFRICA,Western Africa,914,903
1964,AFRICA,Western Africa,914,903
1965,AFRICA,Western Africa,914,903
1966,AFRICA,Western Africa,914,903
1967,AFRICA,Western Africa,914,903
1968,AFRICA,Western Africa,914,903
1969,AFRICA,Western Africa,914,903
1970,AFRICA,Western Africa,914,903
1971,AFRICA,Western Africa,914,903
1972,AFRICA,Western Africa,914,903
1973,AFRICA,Western Africa,914,903
1974,AFRICA,Western Africa,914,903
1975,AFRICA,Western Africa,914,903
1976,AFRICA,Western Africa,914,903
1977,AFRICA,Western Africa,914,903
1978,AFRICA,Western Africa,914,903
1979,AFRICA,Western Africa,914,903
1980,AFRICA,Western Africa,914,903
1981,AFRICA,Western Africa,914,903
1982,AFRICA,Western Africa,914,903
1983,AFRICA,Western Africa,914,903
1984,AFRICA,Western Africa,914,903
1985,AFRICA,Western Africa,914,903
1986,AFRICA,Western Africa,914,903
1987,AFRICA,Western Africa,914,903
1988,AFRICA,Western Africa,914,903
1989,AFRICA,Western Africa,914,903
1990,AFRICA,Western Africa,914,903
1991,AFRICA,Western Africa,914,903
1992,AFRICA,Western Africa,914,903
1993,AFRICA,Western Africa,914,903
1994,AFRICA,Western Africa,914,903
1995,AFRICA,Western Africa,914,903
1996,AFRICA,Western Africa,914,903
1997,AFRICA,Western Africa,914,903
1998,AFRICA,Western Africa,914,903
1999,AFRICA,Western Africa,914,903
2000,AFRICA,Western Africa,914,903
2001,AFRICA,Western Africa,914,903
2002,AFRICA,Western Africa,914,903
2003,AFRICA,Western Africa,914,903
2004,AFRICA,Western Africa,914,903
2005,AFRICA,Western Africa,914,903
2006,AFRICA,Western Africa,914,903
2007,AFRICA,Western Africa,914,903
2008,AFRICA,Western Africa,914,903
2009,AFRICA,Western Africa,914,903
2010,AFRICA,Western Africa,914,903
2011,AFRICA,Western Africa,914,903
2012,AFRICA,Western Africa,914,903
2013,AFRICA,Western Africa,914,903
2014,AFRICA,Western Africa,914,903
2015,AFRICA,Western Africa,914,903
2016,AFRICA,Western Africa,914,903
2017,AFRICA,Western Africa,914,903
2018,AFRICA,Western Africa,914,903
2019,AFRICA,Western Africa,914,903
2020,AFRICA,Western Africa,914,903
2021,AFRICA,Western Africa,914,903
1950,ASIA,Western Asia,922,935
1951,ASIA,Western Asia,922,935
1952,ASIA,Western Asia,922,935
1953,ASIA,Western Asia,922,935
1954,ASIA,Western Asia,922,935
1955,ASIA,Western Asia,922,935
1956,ASIA,Western Asia,922,935
1957,ASIA,Western Asia,922,935
1958,ASIA,Western Asia,922,935
1959,ASIA,Western Asia,922,935
1960,ASIA,Western Asia,922,935
1961,ASIA,Western Asia,922,935
1962,ASIA,Western Asia,922,935
1963,ASIA,Western Asia,922,935
1964,ASIA,Western Asia,922,935
1965,ASIA,Western Asia,922,935
1966,ASIA,Western Asia,922,935
1967,ASIA,Western Asia,922,935
1968,ASIA,Western Asia,922,935
1969,ASIA,Western Asia,922,935
1970,ASIA,Western Asia,922,935
1971,ASIA,Western Asia,922,935
1972,ASIA,Western Asia,922,935
1973,ASIA,Western Asia,922,935
1974,ASIA,Western Asia,922,935
1975,ASIA,Western Asia,922,935
1976,ASIA,Western Asia,922,935
1977,ASIA,Western Asia,922,935
1978,ASIA,Western Asia,922,935
1979,ASIA,Western Asia,922,935
1980,ASIA,Western Asia,922,935
1981,ASIA,Western Asia,922,935
1982,ASIA,Western Asia,922,935
1983,ASIA,Western Asia,922,935
1984,ASIA,Western Asia,922,935
1985,ASIA,Western Asia,922,935
1986,ASIA,Western Asia,922,935
1987,ASIA,Western Asia,922,935
1988,ASIA,Western Asia,922,935
1989,ASIA,Western Asia,922,935
1990,ASIA,Western Asia,922,935
1991,ASIA,Western Asia,922,935
1992,ASIA,Western Asia,922,935
1993,ASIA,Western Asia,922,935
1994,ASIA,Western Asia,922,935
1995,ASIA,Western Asia,922,935
1996,ASIA,Western Asia,922,935
1997,ASIA,Western Asia,922,935
1998,ASIA,Western Asia,922,935
1999,ASIA,Western Asia,922,935
2000,ASIA,Western Asia,922,935
2001,ASIA,Western Asia,922,935
2002,ASIA,Western Asia,922,935
2003,ASIA,Western Asia,922,935
2004,ASIA,Western Asia,922,935
2005,ASIA,Western Asia,922,935
2006,ASIA,Western Asia,922,935
2007,ASIA,Western Asia,922,935
2008,ASIA,Western Asia,922,935
2009,ASIA,Western Asia,922,935
2010,ASIA,Western Asia,922,935
2011,ASIA,Western Asia,922,935
2012,ASIA,Western Asia,922,935
2013,ASIA,Western Asia,922,935
2014,ASIA,Western Asia,922,935
2015,ASIA,Western Asia,922,935
2016,ASIA,Western Asia,922,935
2017,ASIA,Western Asia,922,935
2018,ASIA,Western Asia,922,935
2019,ASIA,Western Asia,922,935
2020,ASIA,Western Asia,922,935
2021,ASIA,Western Asia,922,935
1950,EUROPE,Western Europe,926,908
1951,EUROPE,Western Europe,926,908
1952,EUROPE,Western Europe,926,908
1953,EUROPE,Western Europe,926,908
1954,EUROPE,Western Europe,926,908
1955,EUROPE,Western Europe,926,908
1956,EUROPE,Western Europe,926,908
1957,EUROPE,Western Europe,926,908
1958,EUROPE,Western Europe,926,908
1959,EUROPE,Western Europe,926,908
1960,EUROPE,Western Europe,926,908
1961,EUROPE,Western Europe,926,908
1962,EUROPE,Western Europe,926,908
1963,EUROPE,Western Europe,926,908
1964,EUROPE,Western Europe,926,908
1965,EUROPE,Western Europe,926,908
1966,EUROPE,Western Europe,926,908
1967,EUROPE,Western Europe,926,908
1968,EUROPE,Western Europe,926,908
1969,EUROPE,Western Europe,926,908
1970,EUROPE,Western Europe,926,908
1971,EUROPE,Western Europe,926,908
1972,EUROPE,Western Europe,926,908
1973,EUROPE,Western Europe,926,908
1974,EUROPE,Western Europe,926,908
1975,EUROPE,Western Europe,926,908
1976,EUROPE,Western Europe,926,908
1977,EUROPE,Western Europe,926,908
1978,EUROPE,Western Europe,926,908
1979,EUROPE,Western Europe,926,908
1980,EUROPE,Western Europe,926,908
1981,EUROPE,Western Europe,926,908
1982,EUROPE,Western Europe,926,908
1983,EUROPE,Western Europe,926,908
1984,EUROPE,Western Europe,926,908
1985,EUROPE,Western Europe,926,908
1986,EUROPE,Western Europe,926,908
1987,EUROPE,Western Europe,926,908
1988,EUROPE,Western Europe,926,908
1989,EUROPE,Western Europe,926,908
1990,EUROPE,Western Europe,926,908
1991,EUROPE,Western Europe,926,908
1992,EUROPE,Western Europe,926,908
1993,EUROPE,Western Europe,926,908
1994,EUROPE,Western Europe,926,908
1995,EUROPE,Western Europe,926,908
1996,EUROPE,Western Europe,926,908
1997,EUROPE,Western Europe,926,908
1998,EUROPE,Western Europe,926,908
1999,EUROPE,Western Europe,926,908
2000,EUROPE,Western Europe,926,908
2001,EUROPE,Western Europe,926,908
2002,EUROPE,Western Europe,926,908
2003,EUROPE,Western Europe,926,908
2004,EUROPE,Western Europe,926,908
2005,EUROPE,Western Europe,926,908
2006,EUROPE,Western Europe,926,908
2007,EUROPE,Western Europe,926,908
2008,EUROPE,Western Europe,926,908
2009,EUROPE,Western Europe,926,908
2010,EUROPE,Western Europe,926,908
2011,EUROPE,Western Europe,926,908
2012,EUROPE,Western Europe,926,908
2013,EUROPE,Western Europe,926,908
2014,EUROPE,Western Europe,926,908
2015,EUROPE,Western Europe,926,908
2016,EUROPE,Western Europe,926,908
2017,EUROPE,Western Europe,926,908
2018,EUROPE,Western Europe,926,908
2019,EUROPE,Western Europe,926,908
2020,EUROPE,Western Europe,926,908
2021,EUROPE,Western Europe,926,908
